{
  "name" : "latency",
  "samples" : 42733,
  "total" : 1888768,
  "mean" : 109388.52783724523,
  "5" : 5335.827300000001,
  "25" : 40471.867,
  "50" : 98376.861,
  "75" : 165607.3105,
  "95" : 224054.7605999999
}