{
  "name" : "latency",
  "samples" : 700,
  "total" : 91,
  "mean" : 9025.73155,
  "5" : 4068.79405,
  "25" : 4772.239,
  "50" : 5533.861000000001,
  "75" : 8634.281,
  "95" : 23582.449149999993
}