{
  "name" : "latency",
  "samples" : 42008,
  "total" : 45831040,
  "mean" : 21293.456442749026,
  "5" : 3003.13655,
  "25" : 7437.69225,
  "50" : 12169.7975,
  "75" : 23397.1715,
  "95" : 77152.91054999996
}