{
  "name" : "latency",
  "samples" : 42056,
  "total" : 4669977,
  "mean" : 38160.46968820145,
  "5" : 3700.0062000000003,
  "25" : 10330.0435,
  "50" : 18614.415,
  "75" : 49254.30275,
  "95" : 135200.64755000002
}