{
  "name" : "latency",
  "samples" : 7018,
  "total" : 10727021,
  "mean" : 2096158.2844421505,
  "0" : 48930.746,
  "5" : 90813.24024999999,
  "25" : 1065812.8757500001,
  "50" : 1491898.969,
  "75" : 1889735.41425,
  "95" : 7375997.271,
  "100" : 7434382.089
}