{
  "name" : "latency",
  "samples" : 600,
  "total" : 92,
  "mean" : 12728.255791666666,
  "5" : 103.60545,
  "25" : 203.7595,
  "50" : 1413.5865,
  "75" : 18188.629,
  "95" : 80925.88605
}