{
  "name" : "latency",
  "samples" : 42052,
  "total" : 406124,
  "mean" : 59601.16779924861,
  "5" : 4019.1922999999997,
  "25" : 16006.14875,
  "50" : 29246.8425,
  "75" : 67111.4315,
  "95" : 207215.0021
}