{
  "name" : "latency",
  "samples" : 42730,
  "total" : 458386,
  "mean" : 59553.2586992511,
  "5" : 220.17505000000003,
  "25" : 10038.65825,
  "50" : 40419.1425,
  "75" : 85255.508,
  "95" : 173894.49915
}