{
  "name" : "latency",
  "samples" : 7514,
  "total" : 11554513,
  "mean" : 900551.7810272826,
  "0" : 27282.79,
  "5" : 41711.06775,
  "25" : 60558.224,
  "50" : 146623.1195,
  "75" : 222019.03125,
  "95" : 5977310.3145,
  "100" : 6020762.169
}